,sub,hemi,label_name,network_name,dice_coeff
0,100206,rh,SLOS,Auditory,0
0,100206,rh,SLOS,ControlA,0
0,100206,rh,SLOS,ControlB,0
0,100206,rh,SLOS,ControlC,0
0,100206,rh,SLOS,DefaultA,0
0,100206,rh,SLOS,DefaultB,0
0,100206,rh,SLOS,DefaultC,0.817351598173516
0,100206,rh,SLOS,DorsalAttentionA,0.471976401179941
0,100206,rh,SLOS,DorsalAttentionB,0
0,100206,rh,SLOS,SomatomotorA,0
0,100206,rh,SLOS,SomatomotorB,0
0,100206,rh,SLOS,TemporalParietal,0
0,100206,rh,SLOS,VentralAttentionA,0
0,100206,rh,SLOS,VentralAttentionB,0
0,100206,rh,SLOS,VisualA,0
0,100206,rh,SLOS,VisualB,0
0,100206,rh,SLOS,VisualC,0
0,100307,rh,SLOS,Auditory,0
0,100307,rh,SLOS,ControlA,0
0,100307,rh,SLOS,ControlB,0
0,100307,rh,SLOS,ControlC,0
0,100307,rh,SLOS,DefaultA,0
0,100307,rh,SLOS,DefaultB,0
0,100307,rh,SLOS,DefaultC,0
0,100307,rh,SLOS,DorsalAttentionA,0.30809399477806787
0,100307,rh,SLOS,DorsalAttentionB,0
0,100307,rh,SLOS,SomatomotorA,0
0,100307,rh,SLOS,SomatomotorB,0
0,100307,rh,SLOS,TemporalParietal,0
0,100307,rh,SLOS,VentralAttentionA,0
0,100307,rh,SLOS,VentralAttentionB,0
0,100307,rh,SLOS,VisualA,0.8998302207130731
0,100307,rh,SLOS,VisualB,0
0,100307,rh,SLOS,VisualC,0
0,100408,rh,SLOS,Auditory,0
0,100408,rh,SLOS,ControlA,0
0,100408,rh,SLOS,ControlB,0
0,100408,rh,SLOS,ControlC,0
0,100408,rh,SLOS,DefaultA,0
0,100408,rh,SLOS,DefaultB,0
0,100408,rh,SLOS,DefaultC,0
0,100408,rh,SLOS,DorsalAttentionA,1.0
0,100408,rh,SLOS,DorsalAttentionB,0
0,100408,rh,SLOS,SomatomotorA,0
0,100408,rh,SLOS,SomatomotorB,0
0,100408,rh,SLOS,TemporalParietal,0
0,100408,rh,SLOS,VentralAttentionA,0
0,100408,rh,SLOS,VentralAttentionB,0
0,100408,rh,SLOS,VisualA,0
0,100408,rh,SLOS,VisualB,0
0,100408,rh,SLOS,VisualC,0
0,100610,rh,SLOS,Auditory,0
0,100610,rh,SLOS,ControlA,0
0,100610,rh,SLOS,ControlB,0
0,100610,rh,SLOS,ControlC,0
0,100610,rh,SLOS,DefaultA,0
0,100610,rh,SLOS,DefaultB,0
0,100610,rh,SLOS,DefaultC,0.5714285714285714
0,100610,rh,SLOS,DorsalAttentionA,0.75
0,100610,rh,SLOS,DorsalAttentionB,0
0,100610,rh,SLOS,SomatomotorA,0
0,100610,rh,SLOS,SomatomotorB,0
0,100610,rh,SLOS,TemporalParietal,0
0,100610,rh,SLOS,VentralAttentionA,0
0,100610,rh,SLOS,VentralAttentionB,0
0,100610,rh,SLOS,VisualA,0
0,100610,rh,SLOS,VisualB,0
0,100610,rh,SLOS,VisualC,0
0,101006,rh,SLOS,Auditory,0
0,101006,rh,SLOS,ControlA,0
0,101006,rh,SLOS,ControlB,0
0,101006,rh,SLOS,ControlC,0
0,101006,rh,SLOS,DefaultA,0
0,101006,rh,SLOS,DefaultB,0
0,101006,rh,SLOS,DefaultC,1.0
0,101006,rh,SLOS,DorsalAttentionA,0
0,101006,rh,SLOS,DorsalAttentionB,0
0,101006,rh,SLOS,SomatomotorA,0
0,101006,rh,SLOS,SomatomotorB,0
0,101006,rh,SLOS,TemporalParietal,0
0,101006,rh,SLOS,VentralAttentionA,0
0,101006,rh,SLOS,VentralAttentionB,0
0,101006,rh,SLOS,VisualA,0
0,101006,rh,SLOS,VisualB,0
0,101006,rh,SLOS,VisualC,0
0,101107,rh,SLOS,Auditory,0
0,101107,rh,SLOS,ControlA,0
0,101107,rh,SLOS,ControlB,0.025477707006369428
0,101107,rh,SLOS,ControlC,0
0,101107,rh,SLOS,DefaultA,0
0,101107,rh,SLOS,DefaultB,0
0,101107,rh,SLOS,DefaultC,0.9935064935064936
0,101107,rh,SLOS,DorsalAttentionA,0
0,101107,rh,SLOS,DorsalAttentionB,0
0,101107,rh,SLOS,SomatomotorA,0
0,101107,rh,SLOS,SomatomotorB,0
0,101107,rh,SLOS,TemporalParietal,0
0,101107,rh,SLOS,VentralAttentionA,0
0,101107,rh,SLOS,VentralAttentionB,0
0,101107,rh,SLOS,VisualA,0
0,101107,rh,SLOS,VisualB,0
0,101107,rh,SLOS,VisualC,0
0,180937,rh,SLOS,Auditory,0
0,180937,rh,SLOS,ControlA,0
0,180937,rh,SLOS,ControlB,0
0,180937,rh,SLOS,ControlC,0
0,180937,rh,SLOS,DefaultA,0
0,180937,rh,SLOS,DefaultB,0
0,180937,rh,SLOS,DefaultC,0.2968197879858657
0,180937,rh,SLOS,DorsalAttentionA,0.5739644970414202
0,180937,rh,SLOS,DorsalAttentionB,0
0,180937,rh,SLOS,SomatomotorA,0
0,180937,rh,SLOS,SomatomotorB,0
0,180937,rh,SLOS,TemporalParietal,0
0,180937,rh,SLOS,VentralAttentionA,0
0,180937,rh,SLOS,VentralAttentionB,0.5739644970414202
0,180937,rh,SLOS,VisualA,0
0,180937,rh,SLOS,VisualB,0.04065040650406504
0,180937,rh,SLOS,VisualC,0
0,268749,rh,SLOS,Auditory,0
0,268749,rh,SLOS,ControlA,0
0,268749,rh,SLOS,ControlB,0
0,268749,rh,SLOS,ControlC,0
0,268749,rh,SLOS,DefaultA,0
0,268749,rh,SLOS,DefaultB,0
0,268749,rh,SLOS,DefaultC,1.0
0,268749,rh,SLOS,DorsalAttentionA,0
0,268749,rh,SLOS,DorsalAttentionB,0
0,268749,rh,SLOS,SomatomotorA,0
0,268749,rh,SLOS,SomatomotorB,0
0,268749,rh,SLOS,TemporalParietal,0
0,268749,rh,SLOS,VentralAttentionA,0
0,268749,rh,SLOS,VentralAttentionB,0
0,268749,rh,SLOS,VisualA,0
0,268749,rh,SLOS,VisualB,0
0,268749,rh,SLOS,VisualC,0
0,365343,rh,SLOS,Auditory,0
0,365343,rh,SLOS,ControlA,0
0,365343,rh,SLOS,ControlB,0
0,365343,rh,SLOS,ControlC,0
0,365343,rh,SLOS,DefaultA,0
0,365343,rh,SLOS,DefaultB,0
0,365343,rh,SLOS,DefaultC,1.0
0,365343,rh,SLOS,DorsalAttentionA,0
0,365343,rh,SLOS,DorsalAttentionB,0
0,365343,rh,SLOS,SomatomotorA,0
0,365343,rh,SLOS,SomatomotorB,0
0,365343,rh,SLOS,TemporalParietal,0
0,365343,rh,SLOS,VentralAttentionA,0
0,365343,rh,SLOS,VentralAttentionB,0
0,365343,rh,SLOS,VisualA,0
0,365343,rh,SLOS,VisualB,0
0,365343,rh,SLOS,VisualC,0
0,531536,rh,SLOS,Auditory,0
0,531536,rh,SLOS,ControlA,0
0,531536,rh,SLOS,ControlB,0
0,531536,rh,SLOS,ControlC,0
0,531536,rh,SLOS,DefaultA,0
0,531536,rh,SLOS,DefaultB,0
0,531536,rh,SLOS,DefaultC,0.48109965635738833
0,531536,rh,SLOS,DorsalAttentionA,0.8118279569892473
0,531536,rh,SLOS,DorsalAttentionB,0
0,531536,rh,SLOS,SomatomotorA,0
0,531536,rh,SLOS,SomatomotorB,0
0,531536,rh,SLOS,TemporalParietal,0
0,531536,rh,SLOS,VentralAttentionA,0
0,531536,rh,SLOS,VentralAttentionB,0
0,531536,rh,SLOS,VisualA,0
0,531536,rh,SLOS,VisualB,0
0,531536,rh,SLOS,VisualC,0
0,112920,rh,SLOS,Auditory,0
0,112920,rh,SLOS,ControlA,0
0,112920,rh,SLOS,ControlB,0
0,112920,rh,SLOS,ControlC,0
0,112920,rh,SLOS,DefaultA,0
0,112920,rh,SLOS,DefaultB,0
0,112920,rh,SLOS,DefaultC,0
0,112920,rh,SLOS,DorsalAttentionA,0.2513089005235602
0,112920,rh,SLOS,DorsalAttentionB,0
0,112920,rh,SLOS,SomatomotorA,0
0,112920,rh,SLOS,SomatomotorB,0
0,112920,rh,SLOS,TemporalParietal,0
0,112920,rh,SLOS,VentralAttentionA,0
0,112920,rh,SLOS,VentralAttentionB,0
0,112920,rh,SLOS,VisualA,0.9225806451612903
0,112920,rh,SLOS,VisualB,0
0,112920,rh,SLOS,VisualC,0
0,176744,rh,SLOS,Auditory,0
0,176744,rh,SLOS,ControlA,0
0,176744,rh,SLOS,ControlB,0
0,176744,rh,SLOS,ControlC,0
0,176744,rh,SLOS,DefaultA,0
0,176744,rh,SLOS,DefaultB,0
0,176744,rh,SLOS,DefaultC,0.09174311926605505
0,176744,rh,SLOS,DorsalAttentionA,0.9753694581280788
0,176744,rh,SLOS,DorsalAttentionB,0
0,176744,rh,SLOS,SomatomotorA,0
0,176744,rh,SLOS,SomatomotorB,0
0,176744,rh,SLOS,TemporalParietal,0
0,176744,rh,SLOS,VentralAttentionA,0
0,176744,rh,SLOS,VentralAttentionB,0
0,176744,rh,SLOS,VisualA,0
0,176744,rh,SLOS,VisualB,0
0,176744,rh,SLOS,VisualC,0
0,151425,rh,SLOS,Auditory,0
0,151425,rh,SLOS,ControlA,0.2222222222222222
0,151425,rh,SLOS,ControlB,0.15384615384615385
0,151425,rh,SLOS,ControlC,0
0,151425,rh,SLOS,DefaultA,0.5
0,151425,rh,SLOS,DefaultB,0
0,151425,rh,SLOS,DefaultC,0.4842105263157895
0,151425,rh,SLOS,DorsalAttentionA,0.24390243902439024
0,151425,rh,SLOS,DorsalAttentionB,0
0,151425,rh,SLOS,SomatomotorA,0
0,151425,rh,SLOS,SomatomotorB,0
0,151425,rh,SLOS,TemporalParietal,0
0,151425,rh,SLOS,VentralAttentionA,0
0,151425,rh,SLOS,VentralAttentionB,0
0,151425,rh,SLOS,VisualA,0
0,151425,rh,SLOS,VisualB,0
0,151425,rh,SLOS,VisualC,0
0,644044,rh,SLOS,Auditory,0
0,644044,rh,SLOS,ControlA,0
0,644044,rh,SLOS,ControlB,0
0,644044,rh,SLOS,ControlC,0
0,644044,rh,SLOS,DefaultA,0
0,644044,rh,SLOS,DefaultB,0
0,644044,rh,SLOS,DefaultC,0.14814814814814814
0,644044,rh,SLOS,DorsalAttentionA,0.9583333333333334
0,644044,rh,SLOS,DorsalAttentionB,0
0,644044,rh,SLOS,SomatomotorA,0
0,644044,rh,SLOS,SomatomotorB,0
0,644044,rh,SLOS,TemporalParietal,0
0,644044,rh,SLOS,VentralAttentionA,0
0,644044,rh,SLOS,VentralAttentionB,0
0,644044,rh,SLOS,VisualA,0
0,644044,rh,SLOS,VisualB,0
0,644044,rh,SLOS,VisualC,0
0,128127,rh,SLOS,Auditory,0
0,128127,rh,SLOS,ControlA,0
0,128127,rh,SLOS,ControlB,0
0,128127,rh,SLOS,ControlC,0
0,128127,rh,SLOS,DefaultA,0
0,128127,rh,SLOS,DefaultB,0
0,128127,rh,SLOS,DefaultC,0.9109947643979057
0,128127,rh,SLOS,DorsalAttentionA,0
0,128127,rh,SLOS,DorsalAttentionB,0
0,128127,rh,SLOS,SomatomotorA,0
0,128127,rh,SLOS,SomatomotorB,0
0,128127,rh,SLOS,TemporalParietal,0
0,128127,rh,SLOS,VentralAttentionA,0
0,128127,rh,SLOS,VentralAttentionB,0.03773584905660377
0,128127,rh,SLOS,VisualA,0
0,128127,rh,SLOS,VisualB,0.25210084033613445
0,128127,rh,SLOS,VisualC,0
0,146937,rh,SLOS,Auditory,0
0,146937,rh,SLOS,ControlA,0
0,146937,rh,SLOS,ControlB,0
0,146937,rh,SLOS,ControlC,0
0,146937,rh,SLOS,DefaultA,0
0,146937,rh,SLOS,DefaultB,0
0,146937,rh,SLOS,DefaultC,0
0,146937,rh,SLOS,DorsalAttentionA,0.8591549295774648
0,146937,rh,SLOS,DorsalAttentionB,0
0,146937,rh,SLOS,SomatomotorA,0
0,146937,rh,SLOS,SomatomotorB,0
0,146937,rh,SLOS,TemporalParietal,0
0,146937,rh,SLOS,VentralAttentionA,0
0,146937,rh,SLOS,VentralAttentionB,0
0,146937,rh,SLOS,VisualA,0.1694915254237288
0,146937,rh,SLOS,VisualB,0.26737967914438504
0,146937,rh,SLOS,VisualC,0
0,585256,rh,SLOS,Auditory,0
0,585256,rh,SLOS,ControlA,0
0,585256,rh,SLOS,ControlB,0
0,585256,rh,SLOS,ControlC,0
0,585256,rh,SLOS,DefaultA,0
0,585256,rh,SLOS,DefaultB,0
0,585256,rh,SLOS,DefaultC,1.0
0,585256,rh,SLOS,DorsalAttentionA,0
0,585256,rh,SLOS,DorsalAttentionB,0
0,585256,rh,SLOS,SomatomotorA,0
0,585256,rh,SLOS,SomatomotorB,0
0,585256,rh,SLOS,TemporalParietal,0
0,585256,rh,SLOS,VentralAttentionA,0
0,585256,rh,SLOS,VentralAttentionB,0
0,585256,rh,SLOS,VisualA,0
0,585256,rh,SLOS,VisualB,0
0,585256,rh,SLOS,VisualC,0
0,867468,rh,SLOS,Auditory,0
0,867468,rh,SLOS,ControlA,0
0,867468,rh,SLOS,ControlB,0
0,867468,rh,SLOS,ControlC,0
0,867468,rh,SLOS,DefaultA,0
0,867468,rh,SLOS,DefaultB,0
0,867468,rh,SLOS,DefaultC,0
0,867468,rh,SLOS,DorsalAttentionA,1.0
0,867468,rh,SLOS,DorsalAttentionB,0
0,867468,rh,SLOS,SomatomotorA,0
0,867468,rh,SLOS,SomatomotorB,0
0,867468,rh,SLOS,TemporalParietal,0
0,867468,rh,SLOS,VentralAttentionA,0
0,867468,rh,SLOS,VentralAttentionB,0
0,867468,rh,SLOS,VisualA,0
0,867468,rh,SLOS,VisualB,0
0,867468,rh,SLOS,VisualC,0
0,380036,rh,SLOS,Auditory,0
0,380036,rh,SLOS,ControlA,0
0,380036,rh,SLOS,ControlB,0
0,380036,rh,SLOS,ControlC,0
0,380036,rh,SLOS,DefaultA,0
0,380036,rh,SLOS,DefaultB,0
0,380036,rh,SLOS,DefaultC,1.0
0,380036,rh,SLOS,DorsalAttentionA,0
0,380036,rh,SLOS,DorsalAttentionB,0
0,380036,rh,SLOS,SomatomotorA,0
0,380036,rh,SLOS,SomatomotorB,0
0,380036,rh,SLOS,TemporalParietal,0
0,380036,rh,SLOS,VentralAttentionA,0
0,380036,rh,SLOS,VentralAttentionB,0
0,380036,rh,SLOS,VisualA,0
0,380036,rh,SLOS,VisualB,0
0,380036,rh,SLOS,VisualC,0
0,522434,rh,SLOS,Auditory,0
0,522434,rh,SLOS,ControlA,0.020066889632107024
0,522434,rh,SLOS,ControlB,0.039735099337748346
0,522434,rh,SLOS,ControlC,0
0,522434,rh,SLOS,DefaultA,0.23809523809523808
0,522434,rh,SLOS,DefaultB,0
0,522434,rh,SLOS,DefaultC,0.8207171314741036
0,522434,rh,SLOS,DorsalAttentionA,0
0,522434,rh,SLOS,DorsalAttentionB,0
0,522434,rh,SLOS,SomatomotorA,0
0,522434,rh,SLOS,SomatomotorB,0
0,522434,rh,SLOS,TemporalParietal,0
0,522434,rh,SLOS,VentralAttentionA,0
0,522434,rh,SLOS,VentralAttentionB,0.18960244648318042
0,522434,rh,SLOS,VisualA,0.06535947712418301
0,522434,rh,SLOS,VisualB,0
0,522434,rh,SLOS,VisualC,0
0,214019,rh,SLOS,Auditory,0
0,214019,rh,SLOS,ControlA,0
0,214019,rh,SLOS,ControlB,0
0,214019,rh,SLOS,ControlC,0
0,214019,rh,SLOS,DefaultA,0
0,214019,rh,SLOS,DefaultB,0
0,214019,rh,SLOS,DefaultC,0
0,214019,rh,SLOS,DorsalAttentionA,0.10404624277456648
0,214019,rh,SLOS,DorsalAttentionB,0
0,214019,rh,SLOS,SomatomotorA,0
0,214019,rh,SLOS,SomatomotorB,0
0,214019,rh,SLOS,TemporalParietal,0
0,214019,rh,SLOS,VentralAttentionA,0
0,214019,rh,SLOS,VentralAttentionB,0
0,214019,rh,SLOS,VisualA,0.9620253164556962
0,214019,rh,SLOS,VisualB,0.03592814371257485
0,214019,rh,SLOS,VisualC,0
0,185947,rh,SLOS,Auditory,0
0,185947,rh,SLOS,ControlA,0
0,185947,rh,SLOS,ControlB,0
0,185947,rh,SLOS,ControlC,0
0,185947,rh,SLOS,DefaultA,0
0,185947,rh,SLOS,DefaultB,0
0,185947,rh,SLOS,DefaultC,0
0,185947,rh,SLOS,DorsalAttentionA,0.2
0,185947,rh,SLOS,DorsalAttentionB,0
0,185947,rh,SLOS,SomatomotorA,0
0,185947,rh,SLOS,SomatomotorB,0
0,185947,rh,SLOS,TemporalParietal,0
0,185947,rh,SLOS,VentralAttentionA,0
0,185947,rh,SLOS,VentralAttentionB,0.9253731343283582
0,185947,rh,SLOS,VisualA,0
0,185947,rh,SLOS,VisualB,0
0,185947,rh,SLOS,VisualC,0
0,144125,rh,SLOS,Auditory,0
0,144125,rh,SLOS,ControlA,0
0,144125,rh,SLOS,ControlB,0
0,144125,rh,SLOS,ControlC,0
0,144125,rh,SLOS,DefaultA,0
0,144125,rh,SLOS,DefaultB,0
0,144125,rh,SLOS,DefaultC,0.20717131474103587
0,144125,rh,SLOS,DorsalAttentionA,0.3271375464684015
0,144125,rh,SLOS,DorsalAttentionB,0
0,144125,rh,SLOS,SomatomotorA,0
0,144125,rh,SLOS,SomatomotorB,0
0,144125,rh,SLOS,TemporalParietal,0
0,144125,rh,SLOS,VentralAttentionA,0
0,144125,rh,SLOS,VentralAttentionB,0
0,144125,rh,SLOS,VisualA,0.8157894736842105
0,144125,rh,SLOS,VisualB,0
0,144125,rh,SLOS,VisualC,0
0,566454,rh,SLOS,Auditory,0
0,566454,rh,SLOS,ControlA,0
0,566454,rh,SLOS,ControlB,0
0,566454,rh,SLOS,ControlC,0
0,566454,rh,SLOS,DefaultA,0
0,566454,rh,SLOS,DefaultB,0
0,566454,rh,SLOS,DefaultC,0
0,566454,rh,SLOS,DorsalAttentionA,0
0,566454,rh,SLOS,DorsalAttentionB,0
0,566454,rh,SLOS,SomatomotorA,0
0,566454,rh,SLOS,SomatomotorB,0
0,566454,rh,SLOS,TemporalParietal,0
0,566454,rh,SLOS,VentralAttentionA,0
0,566454,rh,SLOS,VentralAttentionB,0
0,566454,rh,SLOS,VisualA,0.8604651162790697
0,566454,rh,SLOS,VisualB,0.39344262295081966
0,566454,rh,SLOS,VisualC,0
0,151829,rh,SLOS,Auditory,0
0,151829,rh,SLOS,ControlA,0
0,151829,rh,SLOS,ControlB,0
0,151829,rh,SLOS,ControlC,0
0,151829,rh,SLOS,DefaultA,0
0,151829,rh,SLOS,DefaultB,0
0,151829,rh,SLOS,DefaultC,0
0,151829,rh,SLOS,DorsalAttentionA,0.9142857142857143
0,151829,rh,SLOS,DorsalAttentionB,0
0,151829,rh,SLOS,SomatomotorA,0
0,151829,rh,SLOS,SomatomotorB,0
0,151829,rh,SLOS,TemporalParietal,0
0,151829,rh,SLOS,VentralAttentionA,0
0,151829,rh,SLOS,VentralAttentionB,0
0,151829,rh,SLOS,VisualA,0.2727272727272727
0,151829,rh,SLOS,VisualB,0
0,151829,rh,SLOS,VisualC,0
0,679770,rh,SLOS,Auditory,0
0,679770,rh,SLOS,ControlA,0
0,679770,rh,SLOS,ControlB,0
0,679770,rh,SLOS,ControlC,0
0,679770,rh,SLOS,DefaultA,0
0,679770,rh,SLOS,DefaultB,0
0,679770,rh,SLOS,DefaultC,0
0,679770,rh,SLOS,DorsalAttentionA,1.0
0,679770,rh,SLOS,DorsalAttentionB,0
0,679770,rh,SLOS,SomatomotorA,0
0,679770,rh,SLOS,SomatomotorB,0
0,679770,rh,SLOS,TemporalParietal,0
0,679770,rh,SLOS,VentralAttentionA,0
0,679770,rh,SLOS,VentralAttentionB,0
0,679770,rh,SLOS,VisualA,0
0,679770,rh,SLOS,VisualB,0
0,679770,rh,SLOS,VisualC,0
0,910241,rh,SLOS,Auditory,0
0,910241,rh,SLOS,ControlA,0
0,910241,rh,SLOS,ControlB,0
0,910241,rh,SLOS,ControlC,0
0,910241,rh,SLOS,DefaultA,0
0,910241,rh,SLOS,DefaultB,0
0,910241,rh,SLOS,DefaultC,0.10526315789473684
0,910241,rh,SLOS,DorsalAttentionA,0.5742574257425742
0,910241,rh,SLOS,DorsalAttentionB,0
0,910241,rh,SLOS,SomatomotorA,0
0,910241,rh,SLOS,SomatomotorB,0
0,910241,rh,SLOS,TemporalParietal,0
0,910241,rh,SLOS,VentralAttentionA,0
0,910241,rh,SLOS,VentralAttentionB,0
0,910241,rh,SLOS,VisualA,0.7027027027027027
0,910241,rh,SLOS,VisualB,0
0,910241,rh,SLOS,VisualC,0
0,107725,rh,SLOS,Auditory,0
0,107725,rh,SLOS,ControlA,0
0,107725,rh,SLOS,ControlB,0
0,107725,rh,SLOS,ControlC,0
0,107725,rh,SLOS,DefaultA,0
0,107725,rh,SLOS,DefaultB,0
0,107725,rh,SLOS,DefaultC,0.9908256880733946
0,107725,rh,SLOS,DorsalAttentionA,0.03571428571428571
0,107725,rh,SLOS,DorsalAttentionB,0
0,107725,rh,SLOS,SomatomotorA,0
0,107725,rh,SLOS,SomatomotorB,0
0,107725,rh,SLOS,TemporalParietal,0
0,107725,rh,SLOS,VentralAttentionA,0
0,107725,rh,SLOS,VentralAttentionB,0
0,107725,rh,SLOS,VisualA,0
0,107725,rh,SLOS,VisualB,0
0,107725,rh,SLOS,VisualC,0
0,114924,rh,SLOS,Auditory,0
0,114924,rh,SLOS,ControlA,0
0,114924,rh,SLOS,ControlB,0
0,114924,rh,SLOS,ControlC,0
0,114924,rh,SLOS,DefaultA,0
0,114924,rh,SLOS,DefaultB,0
0,114924,rh,SLOS,DefaultC,0.1890909090909091
0,114924,rh,SLOS,DorsalAttentionA,0.9449152542372882
0,114924,rh,SLOS,DorsalAttentionB,0
0,114924,rh,SLOS,SomatomotorA,0
0,114924,rh,SLOS,SomatomotorB,0
0,114924,rh,SLOS,TemporalParietal,0
0,114924,rh,SLOS,VentralAttentionA,0
0,114924,rh,SLOS,VentralAttentionB,0
0,114924,rh,SLOS,VisualA,0
0,114924,rh,SLOS,VisualB,0
0,114924,rh,SLOS,VisualC,0
0,109830,rh,SLOS,Auditory,0
0,109830,rh,SLOS,ControlA,0.01556420233463035
0,109830,rh,SLOS,ControlB,0
0,109830,rh,SLOS,ControlC,0
0,109830,rh,SLOS,DefaultA,0
0,109830,rh,SLOS,DefaultB,0
0,109830,rh,SLOS,DefaultC,0.9527720739219713
0,109830,rh,SLOS,DorsalAttentionA,0
0,109830,rh,SLOS,DorsalAttentionB,0
0,109830,rh,SLOS,SomatomotorA,0
0,109830,rh,SLOS,SomatomotorB,0
0,109830,rh,SLOS,TemporalParietal,0
0,109830,rh,SLOS,VentralAttentionA,0
0,109830,rh,SLOS,VentralAttentionB,0
0,109830,rh,SLOS,VisualA,0.15217391304347827
0,109830,rh,SLOS,VisualB,0
0,109830,rh,SLOS,VisualC,0
0,164939,rh,SLOS,Auditory,0
0,164939,rh,SLOS,ControlA,0
0,164939,rh,SLOS,ControlB,0.07246376811594203
0,164939,rh,SLOS,ControlC,0
0,164939,rh,SLOS,DefaultA,0.15704387990762125
0,164939,rh,SLOS,DefaultB,0
0,164939,rh,SLOS,DefaultC,0.9345794392523364
0,164939,rh,SLOS,DorsalAttentionA,0
0,164939,rh,SLOS,DorsalAttentionB,0
0,164939,rh,SLOS,SomatomotorA,0
0,164939,rh,SLOS,SomatomotorB,0
0,164939,rh,SLOS,TemporalParietal,0
0,164939,rh,SLOS,VentralAttentionA,0
0,164939,rh,SLOS,VentralAttentionB,0
0,164939,rh,SLOS,VisualA,0
0,164939,rh,SLOS,VisualB,0
0,164939,rh,SLOS,VisualC,0
0,622236,rh,SLOS,Auditory,0
0,622236,rh,SLOS,ControlA,0
0,622236,rh,SLOS,ControlB,0
0,622236,rh,SLOS,ControlC,0
0,622236,rh,SLOS,DefaultA,0
0,622236,rh,SLOS,DefaultB,0
0,622236,rh,SLOS,DefaultC,0
0,622236,rh,SLOS,DorsalAttentionA,0.9798657718120806
0,622236,rh,SLOS,DorsalAttentionB,0
0,622236,rh,SLOS,SomatomotorA,0
0,622236,rh,SLOS,SomatomotorB,0
0,622236,rh,SLOS,TemporalParietal,0
0,622236,rh,SLOS,VentralAttentionA,0
0,622236,rh,SLOS,VentralAttentionB,0
0,622236,rh,SLOS,VisualA,0.0759493670886076
0,622236,rh,SLOS,VisualB,0
0,622236,rh,SLOS,VisualC,0
0,133928,rh,SLOS,Auditory,0
0,133928,rh,SLOS,ControlA,0
0,133928,rh,SLOS,ControlB,0.22889842632331903
0,133928,rh,SLOS,ControlC,0
0,133928,rh,SLOS,DefaultA,0.6320441988950276
0,133928,rh,SLOS,DefaultB,0
0,133928,rh,SLOS,DefaultC,0.5802752293577982
0,133928,rh,SLOS,DorsalAttentionA,0
0,133928,rh,SLOS,DorsalAttentionB,0
0,133928,rh,SLOS,SomatomotorA,0
0,133928,rh,SLOS,SomatomotorB,0
0,133928,rh,SLOS,TemporalParietal,0
0,133928,rh,SLOS,VentralAttentionA,0
0,133928,rh,SLOS,VentralAttentionB,0
0,133928,rh,SLOS,VisualA,0
0,133928,rh,SLOS,VisualB,0
0,133928,rh,SLOS,VisualC,0
0,687163,rh,SLOS,Auditory,0
0,687163,rh,SLOS,ControlA,0
0,687163,rh,SLOS,ControlB,0.4966887417218543
0,687163,rh,SLOS,ControlC,0
0,687163,rh,SLOS,DefaultA,0
0,687163,rh,SLOS,DefaultB,0
0,687163,rh,SLOS,DefaultC,0.7957559681697612
0,687163,rh,SLOS,DorsalAttentionA,0
0,687163,rh,SLOS,DorsalAttentionB,0
0,687163,rh,SLOS,SomatomotorA,0
0,687163,rh,SLOS,SomatomotorB,0
0,687163,rh,SLOS,TemporalParietal,0
0,687163,rh,SLOS,VentralAttentionA,0
0,687163,rh,SLOS,VentralAttentionB,0
0,687163,rh,SLOS,VisualA,0
0,687163,rh,SLOS,VisualB,0
0,687163,rh,SLOS,VisualC,0
0,517239,rh,SLOS,Auditory,0
0,517239,rh,SLOS,ControlA,0
0,517239,rh,SLOS,ControlB,0
0,517239,rh,SLOS,ControlC,0
0,517239,rh,SLOS,DefaultA,0
0,517239,rh,SLOS,DefaultB,0
0,517239,rh,SLOS,DefaultC,0
0,517239,rh,SLOS,DorsalAttentionA,0.3177570093457944
0,517239,rh,SLOS,DorsalAttentionB,0
0,517239,rh,SLOS,SomatomotorA,0
0,517239,rh,SLOS,SomatomotorB,0
0,517239,rh,SLOS,TemporalParietal,0
0,517239,rh,SLOS,VentralAttentionA,0
0,517239,rh,SLOS,VentralAttentionB,0
0,517239,rh,SLOS,VisualA,0.8957055214723927
0,517239,rh,SLOS,VisualB,0
0,517239,rh,SLOS,VisualC,0
0,101309,rh,SLOS,Auditory,0
0,101309,rh,SLOS,ControlA,0
0,101309,rh,SLOS,ControlB,0
0,101309,rh,SLOS,ControlC,0
0,101309,rh,SLOS,DefaultA,0
0,101309,rh,SLOS,DefaultB,0
0,101309,rh,SLOS,DefaultC,0.6881028938906752
0,101309,rh,SLOS,DorsalAttentionA,0.38095238095238093
0,101309,rh,SLOS,DorsalAttentionB,0
0,101309,rh,SLOS,SomatomotorA,0
0,101309,rh,SLOS,SomatomotorB,0
0,101309,rh,SLOS,TemporalParietal,0
0,101309,rh,SLOS,VentralAttentionA,0
0,101309,rh,SLOS,VentralAttentionB,0
0,101309,rh,SLOS,VisualA,0.33921302578018997
0,101309,rh,SLOS,VisualB,0.0694006309148265
0,101309,rh,SLOS,VisualC,0
0,101410,rh,SLOS,Auditory,0
0,101410,rh,SLOS,ControlA,0
0,101410,rh,SLOS,ControlB,0
0,101410,rh,SLOS,ControlC,0
0,101410,rh,SLOS,DefaultA,0.16176470588235295
0,101410,rh,SLOS,DefaultB,0
0,101410,rh,SLOS,DefaultC,0.6654804270462633
0,101410,rh,SLOS,DorsalAttentionA,0.5849056603773585
0,101410,rh,SLOS,DorsalAttentionB,0
0,101410,rh,SLOS,SomatomotorA,0
0,101410,rh,SLOS,SomatomotorB,0
0,101410,rh,SLOS,TemporalParietal,0
0,101410,rh,SLOS,VentralAttentionA,0
0,101410,rh,SLOS,VentralAttentionB,0
0,101410,rh,SLOS,VisualA,0
0,101410,rh,SLOS,VisualB,0
0,101410,rh,SLOS,VisualC,0
0,101915,rh,SLOS,Auditory,0
0,101915,rh,SLOS,ControlA,0
0,101915,rh,SLOS,ControlB,0
0,101915,rh,SLOS,ControlC,0
0,101915,rh,SLOS,DefaultA,0
0,101915,rh,SLOS,DefaultB,0
0,101915,rh,SLOS,DefaultC,0.1834862385321101
0,101915,rh,SLOS,DorsalAttentionA,0.416
0,101915,rh,SLOS,DorsalAttentionB,0
0,101915,rh,SLOS,SomatomotorA,0
0,101915,rh,SLOS,SomatomotorB,0
0,101915,rh,SLOS,TemporalParietal,0
0,101915,rh,SLOS,VentralAttentionA,0
0,101915,rh,SLOS,VentralAttentionB,0.7058823529411765
0,101915,rh,SLOS,VisualA,0
0,101915,rh,SLOS,VisualB,0.14953271028037382
0,101915,rh,SLOS,VisualC,0
0,102008,rh,SLOS,Auditory,0
0,102008,rh,SLOS,ControlA,0
0,102008,rh,SLOS,ControlB,0
0,102008,rh,SLOS,ControlC,0
0,102008,rh,SLOS,DefaultA,0
0,102008,rh,SLOS,DefaultB,0
0,102008,rh,SLOS,DefaultC,0
0,102008,rh,SLOS,DorsalAttentionA,1.0
0,102008,rh,SLOS,DorsalAttentionB,0
0,102008,rh,SLOS,SomatomotorA,0
0,102008,rh,SLOS,SomatomotorB,0
0,102008,rh,SLOS,TemporalParietal,0
0,102008,rh,SLOS,VentralAttentionA,0
0,102008,rh,SLOS,VentralAttentionB,0
0,102008,rh,SLOS,VisualA,0
0,102008,rh,SLOS,VisualB,0
0,102008,rh,SLOS,VisualC,0
0,102311,rh,SLOS,Auditory,0
0,102311,rh,SLOS,ControlA,0
0,102311,rh,SLOS,ControlB,0
0,102311,rh,SLOS,ControlC,0
0,102311,rh,SLOS,DefaultA,0
0,102311,rh,SLOS,DefaultB,0
0,102311,rh,SLOS,DefaultC,0
0,102311,rh,SLOS,DorsalAttentionA,0
0,102311,rh,SLOS,DorsalAttentionB,0
0,102311,rh,SLOS,SomatomotorA,0
0,102311,rh,SLOS,SomatomotorB,0
0,102311,rh,SLOS,TemporalParietal,0
0,102311,rh,SLOS,VentralAttentionA,0
0,102311,rh,SLOS,VentralAttentionB,0
0,102311,rh,SLOS,VisualA,0.9983079526226735
0,102311,rh,SLOS,VisualB,0
0,102311,rh,SLOS,VisualC,0
0,102513,rh,SLOS,Auditory,0
0,102513,rh,SLOS,ControlA,0.6283783783783784
0,102513,rh,SLOS,ControlB,0.32231404958677684
0,102513,rh,SLOS,ControlC,0
0,102513,rh,SLOS,DefaultA,0.03864734299516908
0,102513,rh,SLOS,DefaultB,0
0,102513,rh,SLOS,DefaultC,0.07582938388625593
0,102513,rh,SLOS,DorsalAttentionA,0.45038167938931295
0,102513,rh,SLOS,DorsalAttentionB,0
0,102513,rh,SLOS,SomatomotorA,0
0,102513,rh,SLOS,SomatomotorB,0
0,102513,rh,SLOS,TemporalParietal,0
0,102513,rh,SLOS,VentralAttentionA,0
0,102513,rh,SLOS,VentralAttentionB,0
0,102513,rh,SLOS,VisualA,0
0,102513,rh,SLOS,VisualB,0
0,102513,rh,SLOS,VisualC,0
0,102816,rh,SLOS,Auditory,0
0,102816,rh,SLOS,ControlA,0
0,102816,rh,SLOS,ControlB,0
0,102816,rh,SLOS,ControlC,0
0,102816,rh,SLOS,DefaultA,0
0,102816,rh,SLOS,DefaultB,0
0,102816,rh,SLOS,DefaultC,0
0,102816,rh,SLOS,DorsalAttentionA,0
0,102816,rh,SLOS,DorsalAttentionB,0
0,102816,rh,SLOS,SomatomotorA,0
0,102816,rh,SLOS,SomatomotorB,0
0,102816,rh,SLOS,TemporalParietal,0
0,102816,rh,SLOS,VentralAttentionA,0
0,102816,rh,SLOS,VentralAttentionB,0
0,102816,rh,SLOS,VisualA,0.7863247863247863
0,102816,rh,SLOS,VisualB,0.5208333333333334
0,102816,rh,SLOS,VisualC,0
0,103111,rh,SLOS,Auditory,0
0,103111,rh,SLOS,ControlA,0
0,103111,rh,SLOS,ControlB,0
0,103111,rh,SLOS,ControlC,0
0,103111,rh,SLOS,DefaultA,0
0,103111,rh,SLOS,DefaultB,0
0,103111,rh,SLOS,DefaultC,0.08602150537634409
0,103111,rh,SLOS,DorsalAttentionA,0.9770114942528736
0,103111,rh,SLOS,DorsalAttentionB,0
0,103111,rh,SLOS,SomatomotorA,0
0,103111,rh,SLOS,SomatomotorB,0
0,103111,rh,SLOS,TemporalParietal,0
0,103111,rh,SLOS,VentralAttentionA,0
0,103111,rh,SLOS,VentralAttentionB,0
0,103111,rh,SLOS,VisualA,0
0,103111,rh,SLOS,VisualB,0
0,103111,rh,SLOS,VisualC,0
0,103414,rh,SLOS,Auditory,0
0,103414,rh,SLOS,ControlA,0.4935064935064935
0,103414,rh,SLOS,ControlB,0
0,103414,rh,SLOS,ControlC,0
0,103414,rh,SLOS,DefaultA,0
0,103414,rh,SLOS,DefaultB,0
0,103414,rh,SLOS,DefaultC,0
0,103414,rh,SLOS,DorsalAttentionA,0.8041237113402062
0,103414,rh,SLOS,DorsalAttentionB,0
0,103414,rh,SLOS,SomatomotorA,0
0,103414,rh,SLOS,SomatomotorB,0
0,103414,rh,SLOS,TemporalParietal,0
0,103414,rh,SLOS,VentralAttentionA,0
0,103414,rh,SLOS,VentralAttentionB,0
0,103414,rh,SLOS,VisualA,0
0,103414,rh,SLOS,VisualB,0
0,103414,rh,SLOS,VisualC,0
0,103515,rh,SLOS,Auditory,0
0,103515,rh,SLOS,ControlA,0
0,103515,rh,SLOS,ControlB,0
0,103515,rh,SLOS,ControlC,0
0,103515,rh,SLOS,DefaultA,0.5221843003412969
0,103515,rh,SLOS,DefaultB,0
0,103515,rh,SLOS,DefaultC,0.7716312056737589
0,103515,rh,SLOS,DorsalAttentionA,0.02733485193621868
0,103515,rh,SLOS,DorsalAttentionB,0
0,103515,rh,SLOS,SomatomotorA,0
0,103515,rh,SLOS,SomatomotorB,0
0,103515,rh,SLOS,TemporalParietal,0
0,103515,rh,SLOS,VentralAttentionA,0
0,103515,rh,SLOS,VentralAttentionB,0
0,103515,rh,SLOS,VisualA,0.009195402298850575
0,103515,rh,SLOS,VisualB,0
0,103515,rh,SLOS,VisualC,0
0,103818,rh,SLOS,Auditory,0
0,103818,rh,SLOS,ControlA,0
0,103818,rh,SLOS,ControlB,0
0,103818,rh,SLOS,ControlC,0
0,103818,rh,SLOS,DefaultA,0
0,103818,rh,SLOS,DefaultB,0
0,103818,rh,SLOS,DefaultC,0
0,103818,rh,SLOS,DorsalAttentionA,0.044226044226044224
0,103818,rh,SLOS,DorsalAttentionB,0
0,103818,rh,SLOS,SomatomotorA,0
0,103818,rh,SLOS,SomatomotorB,0
0,103818,rh,SLOS,TemporalParietal,0
0,103818,rh,SLOS,VentralAttentionA,0
0,103818,rh,SLOS,VentralAttentionB,0
0,103818,rh,SLOS,VisualA,0.98856416772554
0,103818,rh,SLOS,VisualB,0
0,103818,rh,SLOS,VisualC,0
0,104416,rh,SLOS,Auditory,0
0,104416,rh,SLOS,ControlA,0
0,104416,rh,SLOS,ControlB,0
0,104416,rh,SLOS,ControlC,0
0,104416,rh,SLOS,DefaultA,0
0,104416,rh,SLOS,DefaultB,0
0,104416,rh,SLOS,DefaultC,0
0,104416,rh,SLOS,DorsalAttentionA,0
0,104416,rh,SLOS,DorsalAttentionB,0
0,104416,rh,SLOS,SomatomotorA,0
0,104416,rh,SLOS,SomatomotorB,0
0,104416,rh,SLOS,TemporalParietal,0
0,104416,rh,SLOS,VentralAttentionA,0
0,104416,rh,SLOS,VentralAttentionB,0
0,104416,rh,SLOS,VisualA,1.0
0,104416,rh,SLOS,VisualB,0
0,104416,rh,SLOS,VisualC,0
0,104820,rh,SLOS,Auditory,0
0,104820,rh,SLOS,ControlA,0
0,104820,rh,SLOS,ControlB,0
0,104820,rh,SLOS,ControlC,0
0,104820,rh,SLOS,DefaultA,0
0,104820,rh,SLOS,DefaultB,0
0,104820,rh,SLOS,DefaultC,0
0,104820,rh,SLOS,DorsalAttentionA,0.20105820105820105
0,104820,rh,SLOS,DorsalAttentionB,0
0,104820,rh,SLOS,SomatomotorA,0
0,104820,rh,SLOS,SomatomotorB,0
0,104820,rh,SLOS,TemporalParietal,0
0,104820,rh,SLOS,VentralAttentionA,0
0,104820,rh,SLOS,VentralAttentionB,0
0,104820,rh,SLOS,VisualA,0.940809968847352
0,104820,rh,SLOS,VisualB,0
0,104820,rh,SLOS,VisualC,0
0,105014,rh,SLOS,Auditory,0
0,105014,rh,SLOS,ControlA,0
0,105014,rh,SLOS,ControlB,0.1935483870967742
0,105014,rh,SLOS,ControlC,0
0,105014,rh,SLOS,DefaultA,0.6285714285714286
0,105014,rh,SLOS,DefaultB,0
0,105014,rh,SLOS,DefaultC,0.6058091286307054
0,105014,rh,SLOS,DorsalAttentionA,0
0,105014,rh,SLOS,DorsalAttentionB,0
0,105014,rh,SLOS,SomatomotorA,0
0,105014,rh,SLOS,SomatomotorB,0
0,105014,rh,SLOS,TemporalParietal,0
0,105014,rh,SLOS,VentralAttentionA,0
0,105014,rh,SLOS,VentralAttentionB,0
0,105014,rh,SLOS,VisualA,0
0,105014,rh,SLOS,VisualB,0
0,105014,rh,SLOS,VisualC,0
0,105115,rh,SLOS,Auditory,0
0,105115,rh,SLOS,ControlA,0
0,105115,rh,SLOS,ControlB,0
0,105115,rh,SLOS,ControlC,0
0,105115,rh,SLOS,DefaultA,0
0,105115,rh,SLOS,DefaultB,0
0,105115,rh,SLOS,DefaultC,0.3333333333333333
0,105115,rh,SLOS,DorsalAttentionA,0.881578947368421
0,105115,rh,SLOS,DorsalAttentionB,0
0,105115,rh,SLOS,SomatomotorA,0
0,105115,rh,SLOS,SomatomotorB,0
0,105115,rh,SLOS,TemporalParietal,0
0,105115,rh,SLOS,VentralAttentionA,0
0,105115,rh,SLOS,VentralAttentionB,0
0,105115,rh,SLOS,VisualA,0
0,105115,rh,SLOS,VisualB,0
0,105115,rh,SLOS,VisualC,0
0,105216,rh,SLOS,Auditory,0
0,105216,rh,SLOS,ControlA,0.12280701754385964
0,105216,rh,SLOS,ControlB,0
0,105216,rh,SLOS,ControlC,0
0,105216,rh,SLOS,DefaultA,0
0,105216,rh,SLOS,DefaultB,0
0,105216,rh,SLOS,DefaultC,0.5589225589225589
0,105216,rh,SLOS,DorsalAttentionA,0.7069486404833837
0,105216,rh,SLOS,DorsalAttentionB,0
0,105216,rh,SLOS,SomatomotorA,0
0,105216,rh,SLOS,SomatomotorB,0
0,105216,rh,SLOS,TemporalParietal,0
0,105216,rh,SLOS,VentralAttentionA,0
0,105216,rh,SLOS,VentralAttentionB,0
0,105216,rh,SLOS,VisualA,0
0,105216,rh,SLOS,VisualB,0
0,105216,rh,SLOS,VisualC,0
0,105620,rh,SLOS,Auditory,0
0,105620,rh,SLOS,ControlA,0
0,105620,rh,SLOS,ControlB,0
0,105620,rh,SLOS,ControlC,0
0,105620,rh,SLOS,DefaultA,0
0,105620,rh,SLOS,DefaultB,0
0,105620,rh,SLOS,DefaultC,0
0,105620,rh,SLOS,DorsalAttentionA,0.9574468085106383
0,105620,rh,SLOS,DorsalAttentionB,0
0,105620,rh,SLOS,SomatomotorA,0
0,105620,rh,SLOS,SomatomotorB,0
0,105620,rh,SLOS,TemporalParietal,0
0,105620,rh,SLOS,VentralAttentionA,0
0,105620,rh,SLOS,VentralAttentionB,0
0,105620,rh,SLOS,VisualA,0.1509433962264151
0,105620,rh,SLOS,VisualB,0
0,105620,rh,SLOS,VisualC,0
0,106016,rh,SLOS,Auditory,0
0,106016,rh,SLOS,ControlA,0
0,106016,rh,SLOS,ControlB,0.10152284263959391
0,106016,rh,SLOS,ControlC,0
0,106016,rh,SLOS,DefaultA,0.18446601941747573
0,106016,rh,SLOS,DefaultB,0
0,106016,rh,SLOS,DefaultC,0.9159420289855073
0,106016,rh,SLOS,DorsalAttentionA,0
0,106016,rh,SLOS,DorsalAttentionB,0
0,106016,rh,SLOS,SomatomotorA,0
0,106016,rh,SLOS,SomatomotorB,0
0,106016,rh,SLOS,TemporalParietal,0
0,106016,rh,SLOS,VentralAttentionA,0
0,106016,rh,SLOS,VentralAttentionB,0
0,106016,rh,SLOS,VisualA,0
0,106016,rh,SLOS,VisualB,0
0,106016,rh,SLOS,VisualC,0
0,106319,rh,SLOS,Auditory,0
0,106319,rh,SLOS,ControlA,0
0,106319,rh,SLOS,ControlB,0
0,106319,rh,SLOS,ControlC,0
0,106319,rh,SLOS,DefaultA,0
0,106319,rh,SLOS,DefaultB,0
0,106319,rh,SLOS,DefaultC,0
0,106319,rh,SLOS,DorsalAttentionA,0
0,106319,rh,SLOS,DorsalAttentionB,0
0,106319,rh,SLOS,SomatomotorA,0
0,106319,rh,SLOS,SomatomotorB,0
0,106319,rh,SLOS,TemporalParietal,0
0,106319,rh,SLOS,VentralAttentionA,0
0,106319,rh,SLOS,VentralAttentionB,0
0,106319,rh,SLOS,VisualA,1.0
0,106319,rh,SLOS,VisualB,0
0,106319,rh,SLOS,VisualC,0
0,106521,rh,SLOS,Auditory,0
0,106521,rh,SLOS,ControlA,0
0,106521,rh,SLOS,ControlB,0
0,106521,rh,SLOS,ControlC,0
0,106521,rh,SLOS,DefaultA,0
0,106521,rh,SLOS,DefaultB,0
0,106521,rh,SLOS,DefaultC,0.7279151943462897
0,106521,rh,SLOS,DorsalAttentionA,0.5992217898832685
0,106521,rh,SLOS,DorsalAttentionB,0
0,106521,rh,SLOS,SomatomotorA,0
0,106521,rh,SLOS,SomatomotorB,0
0,106521,rh,SLOS,TemporalParietal,0
0,106521,rh,SLOS,VentralAttentionA,0
0,106521,rh,SLOS,VentralAttentionB,0
0,106521,rh,SLOS,VisualA,0
0,106521,rh,SLOS,VisualB,0
0,106521,rh,SLOS,VisualC,0
0,107018,rh,SLOS,Auditory,0
0,107018,rh,SLOS,ControlA,0
0,107018,rh,SLOS,ControlB,0
0,107018,rh,SLOS,ControlC,0
0,107018,rh,SLOS,DefaultA,0
0,107018,rh,SLOS,DefaultB,0
0,107018,rh,SLOS,DefaultC,0
0,107018,rh,SLOS,DorsalAttentionA,1.0
0,107018,rh,SLOS,DorsalAttentionB,0
0,107018,rh,SLOS,SomatomotorA,0
0,107018,rh,SLOS,SomatomotorB,0
0,107018,rh,SLOS,TemporalParietal,0
0,107018,rh,SLOS,VentralAttentionA,0
0,107018,rh,SLOS,VentralAttentionB,0
0,107018,rh,SLOS,VisualA,0
0,107018,rh,SLOS,VisualB,0
0,107018,rh,SLOS,VisualC,0
0,107321,rh,SLOS,Auditory,0
0,107321,rh,SLOS,ControlA,0
0,107321,rh,SLOS,ControlB,0
0,107321,rh,SLOS,ControlC,0
0,107321,rh,SLOS,DefaultA,0
0,107321,rh,SLOS,DefaultB,0
0,107321,rh,SLOS,DefaultC,0.05714285714285714
0,107321,rh,SLOS,DorsalAttentionA,0.05714285714285714
0,107321,rh,SLOS,DorsalAttentionB,0
0,107321,rh,SLOS,SomatomotorA,0
0,107321,rh,SLOS,SomatomotorB,0
0,107321,rh,SLOS,TemporalParietal,0
0,107321,rh,SLOS,VentralAttentionA,0
0,107321,rh,SLOS,VentralAttentionB,0
0,107321,rh,SLOS,VisualA,0.9696969696969697
0,107321,rh,SLOS,VisualB,0
0,107321,rh,SLOS,VisualC,0
0,107422,rh,SLOS,Auditory,0
0,107422,rh,SLOS,ControlA,0
0,107422,rh,SLOS,ControlB,0
0,107422,rh,SLOS,ControlC,0
0,107422,rh,SLOS,DefaultA,0.24522292993630573
0,107422,rh,SLOS,DefaultB,0
0,107422,rh,SLOS,DefaultC,0.5575916230366492
0,107422,rh,SLOS,DorsalAttentionA,0.035650623885918005
0,107422,rh,SLOS,DorsalAttentionB,0
0,107422,rh,SLOS,SomatomotorA,0
0,107422,rh,SLOS,SomatomotorB,0
0,107422,rh,SLOS,TemporalParietal,0
0,107422,rh,SLOS,VentralAttentionA,0
0,107422,rh,SLOS,VentralAttentionB,0
0,107422,rh,SLOS,VisualA,0.6259351620947631
0,107422,rh,SLOS,VisualB,0
0,107422,rh,SLOS,VisualC,0
0,108222,rh,SLOS,Auditory,0
0,108222,rh,SLOS,ControlA,0
0,108222,rh,SLOS,ControlB,0
0,108222,rh,SLOS,ControlC,0
0,108222,rh,SLOS,DefaultA,0
0,108222,rh,SLOS,DefaultB,0
0,108222,rh,SLOS,DefaultC,0
0,108222,rh,SLOS,DorsalAttentionA,1.0
0,108222,rh,SLOS,DorsalAttentionB,0
0,108222,rh,SLOS,SomatomotorA,0
0,108222,rh,SLOS,SomatomotorB,0
0,108222,rh,SLOS,TemporalParietal,0
0,108222,rh,SLOS,VentralAttentionA,0
0,108222,rh,SLOS,VentralAttentionB,0
0,108222,rh,SLOS,VisualA,0
0,108222,rh,SLOS,VisualB,0
0,108222,rh,SLOS,VisualC,0
0,108323,rh,SLOS,Auditory,0
0,108323,rh,SLOS,ControlA,0
0,108323,rh,SLOS,ControlB,0
0,108323,rh,SLOS,ControlC,0
0,108323,rh,SLOS,DefaultA,0
0,108323,rh,SLOS,DefaultB,0
0,108323,rh,SLOS,DefaultC,0
0,108323,rh,SLOS,DorsalAttentionA,0.9523809523809523
0,108323,rh,SLOS,DorsalAttentionB,0
0,108323,rh,SLOS,SomatomotorA,0
0,108323,rh,SLOS,SomatomotorB,0
0,108323,rh,SLOS,TemporalParietal,0
0,108323,rh,SLOS,VentralAttentionA,0
0,108323,rh,SLOS,VentralAttentionB,0
0,108323,rh,SLOS,VisualA,0
0,108323,rh,SLOS,VisualB,0
0,108323,rh,SLOS,VisualC,0
0,108525,rh,SLOS,Auditory,0
0,108525,rh,SLOS,ControlA,0
0,108525,rh,SLOS,ControlB,0
0,108525,rh,SLOS,ControlC,0
0,108525,rh,SLOS,DefaultA,0
0,108525,rh,SLOS,DefaultB,0
0,108525,rh,SLOS,DefaultC,0.13333333333333333
0,108525,rh,SLOS,DorsalAttentionA,0.912621359223301
0,108525,rh,SLOS,DorsalAttentionB,0
0,108525,rh,SLOS,SomatomotorA,0
0,108525,rh,SLOS,SomatomotorB,0
0,108525,rh,SLOS,TemporalParietal,0
0,108525,rh,SLOS,VentralAttentionA,0
0,108525,rh,SLOS,VentralAttentionB,0
0,108525,rh,SLOS,VisualA,0.16393442622950818
0,108525,rh,SLOS,VisualB,0
0,108525,rh,SLOS,VisualC,0
0,108828,rh,SLOS,Auditory,0
0,108828,rh,SLOS,ControlA,0
0,108828,rh,SLOS,ControlB,0
0,108828,rh,SLOS,ControlC,0
0,108828,rh,SLOS,DefaultA,0
0,108828,rh,SLOS,DefaultB,0
0,108828,rh,SLOS,DefaultC,0
0,108828,rh,SLOS,DorsalAttentionA,0.9467455621301775
0,108828,rh,SLOS,DorsalAttentionB,0
0,108828,rh,SLOS,SomatomotorA,0
0,108828,rh,SLOS,SomatomotorB,0
0,108828,rh,SLOS,TemporalParietal,0
0,108828,rh,SLOS,VentralAttentionA,0
0,108828,rh,SLOS,VentralAttentionB,0
0,108828,rh,SLOS,VisualA,0.1836734693877551
0,108828,rh,SLOS,VisualB,0
0,108828,rh,SLOS,VisualC,0
0,109123,rh,SLOS,Auditory,0
0,109123,rh,SLOS,ControlA,0
0,109123,rh,SLOS,ControlB,0
0,109123,rh,SLOS,ControlC,0
0,109123,rh,SLOS,DefaultA,0
0,109123,rh,SLOS,DefaultB,0
0,109123,rh,SLOS,DefaultC,0
0,109123,rh,SLOS,DorsalAttentionA,0.946236559139785
0,109123,rh,SLOS,DorsalAttentionB,0
0,109123,rh,SLOS,SomatomotorA,0
0,109123,rh,SLOS,SomatomotorB,0
0,109123,rh,SLOS,TemporalParietal,0
0,109123,rh,SLOS,VentralAttentionA,0
0,109123,rh,SLOS,VentralAttentionB,0
0,109123,rh,SLOS,VisualA,0.1509433962264151
0,109123,rh,SLOS,VisualB,0
0,109123,rh,SLOS,VisualC,0
0,109325,rh,SLOS,Auditory,0
0,109325,rh,SLOS,ControlA,0
0,109325,rh,SLOS,ControlB,0
0,109325,rh,SLOS,ControlC,0
0,109325,rh,SLOS,DefaultA,0
0,109325,rh,SLOS,DefaultB,0
0,109325,rh,SLOS,DefaultC,0.26666666666666666
0,109325,rh,SLOS,DorsalAttentionA,0.9166666666666666
0,109325,rh,SLOS,DorsalAttentionB,0
0,109325,rh,SLOS,SomatomotorA,0
0,109325,rh,SLOS,SomatomotorB,0
0,109325,rh,SLOS,TemporalParietal,0
0,109325,rh,SLOS,VentralAttentionA,0
0,109325,rh,SLOS,VentralAttentionB,0
0,109325,rh,SLOS,VisualA,0
0,109325,rh,SLOS,VisualB,0
0,109325,rh,SLOS,VisualC,0
0,110007,rh,SLOS,Auditory,0
0,110007,rh,SLOS,ControlA,0
0,110007,rh,SLOS,ControlB,0
0,110007,rh,SLOS,ControlC,0
0,110007,rh,SLOS,DefaultA,0
0,110007,rh,SLOS,DefaultB,0
0,110007,rh,SLOS,DefaultC,0
0,110007,rh,SLOS,DorsalAttentionA,0
0,110007,rh,SLOS,DorsalAttentionB,0
0,110007,rh,SLOS,SomatomotorA,0
0,110007,rh,SLOS,SomatomotorB,0
0,110007,rh,SLOS,TemporalParietal,0
0,110007,rh,SLOS,VentralAttentionA,0
0,110007,rh,SLOS,VentralAttentionB,0
0,110007,rh,SLOS,VisualA,0.6794258373205742
0,110007,rh,SLOS,VisualB,0.6536585365853659
0,110007,rh,SLOS,VisualC,0
0,110411,rh,SLOS,Auditory,0
0,110411,rh,SLOS,ControlA,0
0,110411,rh,SLOS,ControlB,0
0,110411,rh,SLOS,ControlC,0
0,110411,rh,SLOS,DefaultA,1.0
0,110411,rh,SLOS,DefaultB,0
0,110411,rh,SLOS,DefaultC,0
0,110411,rh,SLOS,DorsalAttentionA,0
0,110411,rh,SLOS,DorsalAttentionB,0
0,110411,rh,SLOS,SomatomotorA,0
0,110411,rh,SLOS,SomatomotorB,0
0,110411,rh,SLOS,TemporalParietal,0
0,110411,rh,SLOS,VentralAttentionA,0
0,110411,rh,SLOS,VentralAttentionB,0
0,110411,rh,SLOS,VisualA,0
0,110411,rh,SLOS,VisualB,0
0,110411,rh,SLOS,VisualC,0
0,110613,rh,SLOS,Auditory,0
0,110613,rh,SLOS,ControlA,0
0,110613,rh,SLOS,ControlB,0
0,110613,rh,SLOS,ControlC,0
0,110613,rh,SLOS,DefaultA,0
0,110613,rh,SLOS,DefaultB,0
0,110613,rh,SLOS,DefaultC,0
0,110613,rh,SLOS,DorsalAttentionA,0
0,110613,rh,SLOS,DorsalAttentionB,0
0,110613,rh,SLOS,SomatomotorA,0
0,110613,rh,SLOS,SomatomotorB,0
0,110613,rh,SLOS,TemporalParietal,0
0,110613,rh,SLOS,VentralAttentionA,0
0,110613,rh,SLOS,VentralAttentionB,0
0,110613,rh,SLOS,VisualA,0.970873786407767
0,110613,rh,SLOS,VisualB,0
0,110613,rh,SLOS,VisualC,0.10714285714285714
0,120111,rh,SLOS,Auditory,0
0,120111,rh,SLOS,ControlA,0
0,120111,rh,SLOS,ControlB,0
0,120111,rh,SLOS,ControlC,0
0,120111,rh,SLOS,DefaultA,0
0,120111,rh,SLOS,DefaultB,0
0,120111,rh,SLOS,DefaultC,0.15625
0,120111,rh,SLOS,DorsalAttentionA,0.82
0,120111,rh,SLOS,DorsalAttentionB,0
0,120111,rh,SLOS,SomatomotorA,0
0,120111,rh,SLOS,SomatomotorB,0
0,120111,rh,SLOS,TemporalParietal,0
0,120111,rh,SLOS,VentralAttentionA,0
0,120111,rh,SLOS,VentralAttentionB,0
0,120111,rh,SLOS,VisualA,0.3611111111111111
0,120111,rh,SLOS,VisualB,0
0,120111,rh,SLOS,VisualC,0
0,168240,rh,SLOS,Auditory,0
0,168240,rh,SLOS,ControlA,0
0,168240,rh,SLOS,ControlB,0
0,168240,rh,SLOS,ControlC,0
0,168240,rh,SLOS,DefaultA,0
0,168240,rh,SLOS,DefaultB,0
0,168240,rh,SLOS,DefaultC,0
0,168240,rh,SLOS,DorsalAttentionA,0
0,168240,rh,SLOS,DorsalAttentionB,0
0,168240,rh,SLOS,SomatomotorA,0
0,168240,rh,SLOS,SomatomotorB,0
0,168240,rh,SLOS,TemporalParietal,0
0,168240,rh,SLOS,VentralAttentionA,0
0,168240,rh,SLOS,VentralAttentionB,0
0,168240,rh,SLOS,VisualA,1.0
0,168240,rh,SLOS,VisualB,0
0,168240,rh,SLOS,VisualC,0
